Workbook

Sheet Inputs
A1: name | B1: value | C1: unit | D1: description
A2: r | B2: 0.085 | C2: per year | D2: Discount rate (CDRI 8.5%)
A3: growth | B3: 0 | C3: per decade | D3: Wind-speed growth (climate)
A4: cost | B4: 0.73046875 | C4: INR cr/tower | D4: Repair cost per damaged tower (Fani DLNA)
A5: days | B5: 7 | C5: days | D5: Outage duration
A6: kwh | B6: 3 | C6: kWh/person/day | D6: Energy served per person
A7: voll | B7: 100 | C7: INR/kWh | D7: Value of lost load
A8: renewal | B8: 0.03 | C8: share/yr | D8: (a) towers built/rebuilt per year
A9: new_cost | B9: 0.6 | C9: INR cr/tower | D9: (a) new tower cost
A10: incr | B10: 0.2 | C10: share | D10: (a) extra cost of higher design
A11: n_a | B11: 9672 | C11: towers | D11: (a) towers in coastal band
A12: retrofit | B12: 0.35 | C12: INR cr/tower | D12: (b) retrofit cost
A13: build | B13: 3 | C13: years | D13: (b) build period
A14: n_b | B14: 3590 | C14: towers | D14: (b) towers on top lines

Sheet EAD
A1: option | B1: towers_at_scale1 | C1: towers_slope | D1: pop_at_scale1 | E1: pop_slope | F1: note
A2: base | B2: 93.413205 | C2: 392.27806 | D2: 474217.39 | E2: 1644585.8 | F2: expected damaged towers / person-outages per year (from Notebook 06 risk runs)
A3: a | B3: 57.825492 | C3: 287.06941 | D3: 323884.27 | E3: 1218628.8 | F3: expected damaged towers / person-outages per year (from Notebook 06 risk runs)
A4: b | B4: 78.689778 | C4: 344.5115 | D4: 439896.58 | E4: 1568852.7 | F4: expected damaged towers / person-outages per year (from Notebook 06 risk runs)

Sheet CashFlows
A1: year | B1: discount_factor | C1: hazard_scale | D1: share_a_built | E1: share_b_built | F1: EAD_base | G1: EAD_a_full | H1: EAD_b_full | I1: EAD_a | J1: EAD_b | K1: cost_a | L1: cost_b | M1: benefit_a | N1: benefit_b | O1: PV_benefit_a | P1: PV_cost_a | Q1: PV_benefit_b | R1: PV_cost_b
A2: 1 | B2: =1/(1+Inputs!$B$2)^A2 | C2: =1+Inputs!$B$3*A2/10 | D2: =MIN(1,Inputs!$B$8*A2) | E2: =MIN(1,A2/Inputs!$B$13) | F2: =((EAD!$B$2+EAD!$C$2*(C2-1))*Inputs!$B$4+(EAD!$D$2+EAD!$E$2*(C2-1))*Inputs!$B$5*Inputs!$B$6*Inputs!$B$7/10000000) | G2: =((EAD!$B$3+EAD!$C$3*(C2-1))*Inputs!$B$4+(EAD!$D$3+EAD!$E$3*(C2-1))*Inputs!$B$5*Inputs!$B$6*Inputs!$B$7/10000000) | H2: =((EAD!$B$4+EAD!$C$4*(C2-1))*Inputs!$B$4+(EAD!$D$4+EAD!$E$4*(C2-1))*Inputs!$B$5*Inputs!$B$6*Inputs!$B$7/10000000) | I2: =F2-D2*(F2-G2) | J2: =F2-E2*(F2-H2) | K2: =IF(Inputs!$B$8*(A2-1)<1,Inputs!$B$8*Inputs!$B$11*Inputs!$B$9*Inputs!$B$10,0) | L2: =IF(A2<=Inputs!$B$13,Inputs!$B$14*Inputs!$B$12/Inputs!$B$13,0) | M2: =F2-I2 | N2: =F2-J2 | O2: =M2*B2 | P2: =K2*B2 | Q2: =N2*B2 | R2: =L2*B2
A3: 2 | B3: =1/(1+Inputs!$B$2)^A3 | C3: =1+Inputs!$B$3*A3/10 | D3: =MIN(1,Inputs!$B$8*A3) | E3: =MIN(1,A3/Inputs!$B$13) | F3: =((EAD!$B$2+EAD!$C$2*(C3-1))*Inputs!$B$4+(EAD!$D$2+EAD!$E$2*(C3-1))*Inputs!$B$5*Inputs!$B$6*Inputs!$B$7/10000000) | G3: =((EAD!$B$3+EAD!$C$3*(C3-1))*Inputs!$B$4+(EAD!$D$3+EAD!$E$3*(C3-1))*Inputs!$B$5*Inputs!$B$6*Inputs!$B$7/10000000) | H3: =((EAD!$B$4+EAD!$C$4*(C3-1))*Inputs!$B$4+(EAD!$D$4+EAD!$E$4*(C3-1))*Inputs!$B$5*Inputs!$B$6*Inputs!$B$7/10000000) | I3: =F3-D3*(F3-G3) | J3: =F3-E3*(F3-H3) | K3: =IF(Inputs!$B$8*(A3-1)<1,Inputs!$B$8*Inputs!$B$11*Inputs!$B$9*Inputs!$B$10,0) | L3: =IF(A3<=Inputs!$B$13,Inputs!$B$14*Inputs!$B$12/Inputs!$B$13,0) | M3: =F3-I3 | N3: =F3-J3 | O3: =M3*B3 | P3: =K3*B3 | Q3: =N3*B3 | R3: =L3*B3
A4: 3 | B4: =1/(1+Inputs!$B$2)^A4 | C4: =1+Inputs!$B$3*A4/10 | D4: =MIN(1,Inputs!$B$8*A4) | E4: =MIN(1,A4/Inputs!$B$13) | F4: =((EAD!$B$2+EAD!$C$2*(C4-1))*Inputs!$B$4+(EAD!$D$2+EAD!$E$2*(C4-1))*Inputs!$B$5*Inputs!$B$6*Inputs!$B$7/10000000) | G4: =((EAD!$B$3+EAD!$C$3*(C4-1))*Inputs!$B$4+(EAD!$D$3+EAD!$E$3*(C4-1))*Inputs!$B$5*Inputs!$B$6*Inputs!$B$7/10000000) | H4: =((EAD!$B$4+EAD!$C$4*(C4-1))*Inputs!$B$4+(EAD!$D$4+EAD!$E$4*(C4-1))*Inputs!$B$5*Inputs!$B$6*Inputs!$B$7/10000000) | I4: =F4-D4*(F4-G4) | J4: =F4-E4*(F4-H4) | K4: =IF(Inputs!$B$8*(A4-1)<1,Inputs!$B$8*Inputs!$B$11*Inputs!$B$9*Inputs!$B$10,0) | L4: =IF(A4<=Inputs!$B$13,Inputs!$B$14*Inputs!$B$12/Inputs!$B$13,0) | M4: =F4-I4 | N4: =F4-J4 | O4: =M4*B4 | P4: =K4*B4 | Q4: =N4*B4 | R4: =L4*B4
A5: 4 | B5: =1/(1+Inputs!$B$2)^A5 | C5: =1+Inputs!$B$3*A5/10 | D5: =MIN(1,Inputs!$B$8*A5) | E5: =MIN(1,A5/Inputs!$B$13) | F5: =((EAD!$B$2+EAD!$C$2*(C5-1))*Inputs!$B$4+(EAD!$D$2+EAD!$E$2*(C5-1))*Inputs!$B$5*Inputs!$B$6*Inputs!$B$7/10000000) | G5: =((EAD!$B$3+EAD!$C$3*(C5-1))*Inputs!$B$4+(EAD!$D$3+EAD!$E$3*(C5-1))*Inputs!$B$5*Inputs!$B$6*Inputs!$B$7/10000000) | H5: =((EAD!$B$4+EAD!$C$4*(C5-1))*Inputs!$B$4+(EAD!$D$4+EAD!$E$4*(C5-1))*Inputs!$B$5*Inputs!$B$6*Inputs!$B$7/10000000) | I5: =F5-D5*(F5-G5) | J5: =F5-E5*(F5-H5) | K5: =IF(Inputs!$B$8*(A5-1)<1,Inputs!$B$8*Inputs!$B$11*Inputs!$B$9*Inputs!$B$10,0) | L5: =IF(A5<=Inputs!$B$13,Inputs!$B$14*Inputs!$B$12/Inputs!$B$13,0) | M5: =F5-I5 | N5: =F5-J5 | O5: =M5*B5 | P5: =K5*B5 | Q5: =N5*B5 | R5: =L5*B5
A6: 5 | B6: =1/(1+Inputs!$B$2)^A6 | C6: =1+Inputs!$B$3*A6/10 | D6: =MIN(1,Inputs!$B$8*A6) | E6: =MIN(1,A6/Inputs!$B$13) | F6: =((EAD!$B$2+EAD!$C$2*(C6-1))*Inputs!$B$4+(EAD!$D$2+EAD!$E$2*(C6-1))*Inputs!$B$5*Inputs!$B$6*Inputs!$B$7/10000000) | G6: =((EAD!$B$3+EAD!$C$3*(C6-1))*Inputs!$B$4+(EAD!$D$3+EAD!$E$3*(C6-1))*Inputs!$B$5*Inputs!$B$6*Inputs!$B$7/10000000) | H6: =((EAD!$B$4+EAD!$C$4*(C6-1))*Inputs!$B$4+(EAD!$D$4+EAD!$E$4*(C6-1))*Inputs!$B$5*Inputs!$B$6*Inputs!$B$7/10000000) | I6: =F6-D6*(F6-G6) | J6: =F6-E6*(F6-H6) | K6: =IF(Inputs!$B$8*(A6-1)<1,Inputs!$B$8*Inputs!$B$11*Inputs!$B$9*Inputs!$B$10,0) | L6: =IF(A6<=Inputs!$B$13,Inputs!$B$14*Inputs!$B$12/Inputs!$B$13,0) | M6: =F6-I6 | N6: =F6-J6 | O6: =M6*B6 | P6: =K6*B6 | Q6: =N6*B6 | R6: =L6*B6
A7: 6 | B7: =1/(1+Inputs!$B$2)^A7 | C7: =1+Inputs!$B$3*A7/10 | D7: =MIN(1,Inputs!$B$8*A7) | E7: =MIN(1,A7/Inputs!$B$13) | F7: =((EAD!$B$2+EAD!$C$2*(C7-1))*Inputs!$B$4+(EAD!$D$2+EAD!$E$2*(C7-1))*Inputs!$B$5*Inputs!$B$6*Inputs!$B$7/10000000) | G7: =((EAD!$B$3+EAD!$C$3*(C7-1))*Inputs!$B$4+(EAD!$D$3+EAD!$E$3*(C7-1))*Inputs!$B$5*Inputs!$B$6*Inputs!$B$7/10000000) | H7: =((EAD!$B$4+EAD!$C$4*(C7-1))*Inputs!$B$4+(EAD!$D$4+EAD!$E$4*(C7-1))*Inputs!$B$5*Inputs!$B$6*Inputs!$B$7/10000000) | I7: =F7-D7*(F7-G7) | J7: =F7-E7*(F7-H7) | K7: =IF(Inputs!$B$8*(A7-1)<1,Inputs!$B$8*Inputs!$B$11*Inputs!$B$9*Inputs!$B$10,0) | L7: =IF(A7<=Inputs!$B$13,Inputs!$B$14*Inputs!$B$12/Inputs!$B$13,0) | M7: =F7-I7 | N7: =F7-J7 | O7: =M7*B7 | P7: =K7*B7 | Q7: =N7*B7 | R7: =L7*B7
A8: 7 | B8: =1/(1+Inputs!$B$2)^A8 | C8: =1+Inputs!$B$3*A8/10 | D8: =MIN(1,Inputs!$B$8*A8) | E8: =MIN(1,A8/Inputs!$B$13) | F8: =((EAD!$B$2+EAD!$C$2*(C8-1))*Inputs!$B$4+(EAD!$D$2+EAD!$E$2*(C8-1))*Inputs!$B$5*Inputs!$B$6*Inputs!$B$7/10000000) | G8: =((EAD!$B$3+EAD!$C$3*(C8-1))*Inputs!$B$4+(EAD!$D$3+EAD!$E$3*(C8-1))*Inputs!$B$5*Inputs!$B$6*Inputs!$B$7/10000000) | H8: =((EAD!$B$4+EAD!$C$4*(C8-1))*Inputs!$B$4+(EAD!$D$4+EAD!$E$4*(C8-1))*Inputs!$B$5*Inputs!$B$6*Inputs!$B$7/10000000) | I8: =F8-D8*(F8-G8) | J8: =F8-E8*(F8-H8) | K8: =IF(Inputs!$B$8*(A8-1)<1,Inputs!$B$8*Inputs!$B$11*Inputs!$B$9*Inputs!$B$10,0) | L8: =IF(A8<=Inputs!$B$13,Inputs!$B$14*Inputs!$B$12/Inputs!$B$13,0) | M8: =F8-I8 | N8: =F8-J8 | O8: =M8*B8 | P8: =K8*B8 | Q8: =N8*B8 | R8: =L8*B8
A9: 8 | B9: =1/(1+Inputs!$B$2)^A9 | C9: =1+Inputs!$B$3*A9/10 | D9: =MIN(1,Inputs!$B$8*A9) | E9: =MIN(1,A9/Inputs!$B$13) | F9: =((EAD!$B$2+EAD!$C$2*(C9-1))*Inputs!$B$4+(EAD!$D$2+EAD!$E$2*(C9-1))*Inputs!$B$5*Inputs!$B$6*Inputs!$B$7/10000000) | G9: =((EAD!$B$3+EAD!$C$3*(C9-1))*Inputs!$B$4+(EAD!$D$3+EAD!$E$3*(C9-1))*Inputs!$B$5*Inputs!$B$6*Inputs!$B$7/10000000) | H9: =((EAD!$B$4+EAD!$C$4*(C9-1))*Inputs!$B$4+(EAD!$D$4+EAD!$E$4*(C9-1))*Inputs!$B$5*Inputs!$B$6*Inputs!$B$7/10000000) | I9: =F9-D9*(F9-G9) | J9: =F9-E9*(F9-H9) | K9: =IF(Inputs!$B$8*(A9-1)<1,Inputs!$B$8*Inputs!$B$11*Inputs!$B$9*Inputs!$B$10,0) | L9: =IF(A9<=Inputs!$B$13,Inputs!$B$14*Inputs!$B$12/Inputs!$B$13,0) | M9: =F9-I9 | N9: =F9-J9 | O9: =M9*B9 | P9: =K9*B9 | Q9: =N9*B9 | R9: =L9*B9
A10: 9 | B10: =1/(1+Inputs!$B$2)^A10 | C10: =1+Inputs!$B$3*A10/10 | D10: =MIN(1,Inputs!$B$8*A10) | E10: =MIN(1,A10/Inputs!$B$13) | F10: =((EAD!$B$2+EAD!$C$2*(C10-1))*Inputs!$B$4+(EAD!$D$2+EAD!$E$2*(C10-1))*Inputs!$B$5*Inputs!$B$6*Inputs!$B$7/10000000) | G10: =((EAD!$B$3+EAD!$C$3*(C10-1))*Inputs!$B$4+(EAD!$D$3+EAD!$E$3*(C10-1))*Inputs!$B$5*Inputs!$B$6*Inputs!$B$7/10000000) | H10: =((EAD!$B$4+EAD!$C$4*(C10-1))*Inputs!$B$4+(EAD!$D$4+EAD!$E$4*(C10-1))*Inputs!$B$5*Inputs!$B$6*Inputs!$B$7/10000000) | I10: =F10-D10*(F10-G10) | J10: =F10-E10*(F10-H10) | K10: =IF(Inputs!$B$8*(A10-1)<1,Inputs!$B$8*Inputs!$B$11*Inputs!$B$9*Inputs!$B$10,0) | L10: =IF(A10<=Inputs!$B$13,Inputs!$B$14*Inputs!$B$12/Inputs!$B$13,0) | M10: =F10-I10 | N10: =F10-J10 | O10: =M10*B10 | P10: =K10*B10 | Q10: =N10*B10 | R10: =L10*B10
A11: 10 | B11: =1/(1+Inputs!$B$2)^A11 | C11: =1+Inputs!$B$3*A11/10 | D11: =MIN(1,Inputs!$B$8*A11) | E11: =MIN(1,A11/Inputs!$B$13) | F11: =((EAD!$B$2+EAD!$C$2*(C11-1))*Inputs!$B$4+(EAD!$D$2+EAD!$E$2*(C11-1))*Inputs!$B$5*Inputs!$B$6*Inputs!$B$7/10000000) | G11: =((EAD!$B$3+EAD!$C$3*(C11-1))*Inputs!$B$4+(EAD!$D$3+EAD!$E$3*(C11-1))*Inputs!$B$5*Inputs!$B$6*Inputs!$B$7/10000000) | H11: =((EAD!$B$4+EAD!$C$4*(C11-1))*Inputs!$B$4+(EAD!$D$4+EAD!$E$4*(C11-1))*Inputs!$B$5*Inputs!$B$6*Inputs!$B$7/10000000) | I11: =F11-D11*(F11-G11) | J11: =F11-E11*(F11-H11) | K11: =IF(Inputs!$B$8*(A11-1)<1,Inputs!$B$8*Inputs!$B$11*Inputs!$B$9*Inputs!$B$10,0) | L11: =IF(A11<=Inputs!$B$13,Inputs!$B$14*Inputs!$B$12/Inputs!$B$13,0) | M11: =F11-I11 | N11: =F11-J11 | O11: =M11*B11 | P11: =K11*B11 | Q11: =N11*B11 | R11: =L11*B11
A12: 11 | B12: =1/(1+Inputs!$B$2)^A12 | C12: =1+Inputs!$B$3*A12/10 | D12: =MIN(1,Inputs!$B$8*A12) | E12: =MIN(1,A12/Inputs!$B$13) | F12: =((EAD!$B$2+EAD!$C$2*(C12-1))*Inputs!$B$4+(EAD!$D$2+EAD!$E$2*(C12-1))*Inputs!$B$5*Inputs!$B$6*Inputs!$B$7/10000000) | G12: =((EAD!$B$3+EAD!$C$3*(C12-1))*Inputs!$B$4+(EAD!$D$3+EAD!$E$3*(C12-1))*Inputs!$B$5*Inputs!$B$6*Inputs!$B$7/10000000) | H12: =((EAD!$B$4+EAD!$C$4*(C12-1))*Inputs!$B$4+(EAD!$D$4+EAD!$E$4*(C12-1))*Inputs!$B$5*Inputs!$B$6*Inputs!$B$7/10000000) | I12: =F12-D12*(F12-G12) | J12: =F12-E12*(F12-H12) | K12: =IF(Inputs!$B$8*(A12-1)<1,Inputs!$B$8*Inputs!$B$11*Inputs!$B$9*Inputs!$B$10,0) | L12: =IF(A12<=Inputs!$B$13,Inputs!$B$14*Inputs!$B$12/Inputs!$B$13,0) | M12: =F12-I12 | N12: =F12-J12 | O12: =M12*B12 | P12: =K12*B12 | Q12: =N12*B12 | R12: =L12*B12
A13: 12 | B13: =1/(1+Inputs!$B$2)^A13 | C13: =1+Inputs!$B$3*A13/10 | D13: =MIN(1,Inputs!$B$8*A13) | E13: =MIN(1,A13/Inputs!$B$13) | F13: =((EAD!$B$2+EAD!$C$2*(C13-1))*Inputs!$B$4+(EAD!$D$2+EAD!$E$2*(C13-1))*Inputs!$B$5*Inputs!$B$6*Inputs!$B$7/10000000) | G13: =((EAD!$B$3+EAD!$C$3*(C13-1))*Inputs!$B$4+(EAD!$D$3+EAD!$E$3*(C13-1))*Inputs!$B$5*Inputs!$B$6*Inputs!$B$7/10000000) | H13: =((EAD!$B$4+EAD!$C$4*(C13-1))*Inputs!$B$4+(EAD!$D$4+EAD!$E$4*(C13-1))*Inputs!$B$5*Inputs!$B$6*Inputs!$B$7/10000000) | I13: =F13-D13*(F13-G13) | J13: =F13-E13*(F13-H13) | K13: =IF(Inputs!$B$8*(A13-1)<1,Inputs!$B$8*Inputs!$B$11*Inputs!$B$9*Inputs!$B$10,0) | L13: =IF(A13<=Inputs!$B$13,Inputs!$B$14*Inputs!$B$12/Inputs!$B$13,0) | M13: =F13-I13 | N13: =F13-J13 | O13: =M13*B13 | P13: =K13*B13 | Q13: =N13*B13 | R13: =L13*B13
... A31: 30 | B31: =1/(1+Inputs!$B$2)^A31 | C31: =1+Inputs!$B$3*A31/10 | D31: =MIN(1,Inputs!$B$8*A31) | E31: =MIN(1,A31/Inputs!$B$13) | F31: =((EAD!$B$2+EAD!$C$2*(C31-1))*Inputs!$B$4+(EAD!$D$2+EAD!$E$2*(C31-1))*Inputs!$B$5*Inputs!$B$6*Inputs!$B$7/10000000) | G31: =((EAD!$B$3+EAD!$C$3*(C31-1))*Inputs!$B$4+(EAD!$D$3+EAD!$E$3*(C31-1))*Inputs!$B$5*Inputs!$B$6*Inputs!$B$7/10000000) | H31: =((EAD!$B$4+EAD!$C$4*(C31-1))*Inputs!$B$4+(EAD!$D$4+EAD!$E$4*(C31-1))*Inputs!$B$5*Inputs!$B$6*Inputs!$B$7/10000000) | I31: =F31-D31*(F31-G31) | J31: =F31-E31*(F31-H31) | K31: =IF(Inputs!$B$8*(A31-1)<1,Inputs!$B$8*Inputs!$B$11*Inputs!$B$9*Inputs!$B$10,0) | L31: =IF(A31<=Inputs!$B$13,Inputs!$B$14*Inputs!$B$12/Inputs!$B$13,0) | M31: =F31-I31 | N31: =F31-J31 | O31: =M31*B31 | P31: =K31*B31 | Q31: =N31*B31 | R31: =L31*B31

Sheet Results
A1: option | B1: PV benefits (cr) | C1: PV costs (cr) | D1: NPV (cr) | E1: BCR
A2: (a) raise design wind, new lines | B2: =SUM(CashFlows!O2:O31) | C2: =SUM(CashFlows!P2:P31) | D2: =B2-C2 | E2: =IF(C2>0,B2/C2,"")
A3: (b) harden top corridors | B3: =SUM(CashFlows!Q2:Q31) | C3: =SUM(CashFlows!R2:R31) | D3: =B3-C3 | E3: =IF(C3>0,B3/C3,"")
A4: (c) do nothing | B4: 0 | C4: 0 | D4: 0
A6: Python check (same inputs): | B6: 0.49217924 | C6: 0.16538689 | D6: BCR (a), BCR (b)

Sheet Tornado
A1: option | B1: input | C1: low_value | D1: high_value | E1: bcr_low | F1: bcr_high | G1: bcr_base | H1: swing
A2: a | B2: Discount rate | C2: 0.1 | D2: 0.06 | E2: 0.45512438 | F2: 0.56255338 | G2: 0.49217924 | H2: 0.107429
A3: b | B3: Discount rate | C3: 0.1 | D3: 0.06 | E3: 0.14736811 | F3: 0.20599692 | G3: 0.16538689 | H3: 0.058628812
A4: a | B4: Value of lost load (INR/kWh) | C4: 40 | D4: 250 | E4: 0.33022774 | F4: 0.89705799 | G4: 0.49217924 | H4: 0.56683025
A5: b | B5: Value of lost load (INR/kWh) | C5: 40 | D5: 250 | E5: 0.12557017 | F5: 0.26492867 | G5: 0.16538689 | H5: 0.1393585
A6: a | B6: Outage days | C6: 3 | D6: 14 | E6: 0.33793972 | F6: 0.76209841 | G6: 0.49217924 | H6: 0.42415869
A7: b | B7: Outage days | C7: 3 | D7: 14 | E7: 0.12746621 | F7: 0.23174807 | G7: 0.16538689 | H7: 0.10428187
A8: a | B8: kWh per person per day | C8: 1.5 | D8: 4.5 | E8: 0.35721966 | F8: 0.62713883 | G8: 0.49217924 | H8: 0.26991917
A9: b | B9: kWh per person per day | C9: 1.5 | D9: 4.5 | E9: 0.13220629 | F9: 0.19856748 | G9: 0.16538689 | H9: 0.06636119
A10: a | B10: Repair cost per tower (cr) | C10: 0.5 | D10: 1 | E10: 0.42205441 | F10: 0.57418964 | G10: 0.49217924 | H10: 0.15213524
A11: b | B11: Repair cost per tower (cr) | C11: 0.5 | D11: 1 | E11: 0.13414348 | F11: 0.20192578 | G11: 0.16538689 | H11: 0.067782294
A12: a | B12: Climate: wind growth per decade | C12: 0 | D12: 0.04 | E12: 0.49217924 | F12: 0.58256606 | G12: 0.49217924 | H12: 0.090386821
A13: b | B13: Climate: wind growth per decade | C13: 0 | D13: 0.04 | E13: 0.16538689 | F13: 0.18551386 | G13: 0.16538689 | H13: 0.020126973
... A17: b | B17: (a) renewal rate | C17: 0.02 | D17: 0.05 | E17: 0.16538689 | F17: 0.16538689 | G17: 0.16538689 | H17: 0
A18: a | B18: (a) capacity gain | C18: a_lo | D18: a_hi | E18: 0.29631251 | F18: 0.6246646 | G18: 0.49217924 | H18: 0.32835209
A19: b | B19: (a) capacity gain | C19: a_lo | D19: a_hi | E19: 0.16538689 | F19: 0.16538689 | G19: 0.16538689 | H19: 0
A20: a | B20: (b) retrofit cost per tower (cr) | C20: 0.5 | D20: 0.25 | E20: 0.49217924 | F20: 0.49217924 | G20: 0.49217924 | H20: 0
A21: b | B21: (b) retrofit cost per tower (cr) | C21: 0.5 | D21: 0.25 | E21: 0.11577082 | F21: 0.23154164 | G21: 0.16538689 | H21: 0.11577082
A22: a | B22: (b) capacity gain | C22: b_lo | D22: b_hi | E22: 0.49217924 | F22: 0.49217924 | G22: 0.49217924 | H22: 0
A23: b | B23: (b) capacity gain | C23: b_lo | D23: b_hi | E23: 0.12250247 | F23: 0.20100585 | G23: 0.16538689 | H23: 0.078503375
